身份证号,姓名,缴费月份,缴费金额,单位编号
110101196112092507,黄平,2026-09,1238.98,4403050004
110101196112092507,黄平,2026-09,1238.98,4403050004
320508197701258253,杨洋静,2026-06,1368.79,4403050004
110101198206202702,李明红,2026-07,1169.80,3101040003
320508198310077214,张兰,2026-05,8874.38,1101010002
11010119840515650X,孙勇,2027-06,6196.49,1101010001
320508200003187464,黄杰,2026-05,8910.95,3301060005
310104198001088412,李艳芳,2026-06,2307.33,4403050004
330106200108052715,陈平,2026-09,2733.30,3301060005
330106199707122249,陈娜芳,2026-02,1799.15,1101010002
330106199802133907,郑涛红,2026/08,6282.41,1101010001
320508197711111140,吴静伟,2026-05,8761.05,1101010002
32050819661110861X,何静,2026-03,5084.72,3301060005
110101199806160192,刘华英,2026-05,2535.34,1101010002
320508196502244970,张敏,2026-08,8548.21,1101010002
440305199310149873,赵霞,2026-07,8958.77,3101040003
330106199308042532,黄洋,2026-09,2455.98,1101010002
110101196412210608,黄玉,2026-06,1102.29,1101010002
440305200208075527,陈强娟,2026-07,2118.48,1101010001
330106198207144789,李芳,2026-06,7305.04,1101010001
31010419720418459X,陈丽杰,2026-02,4266.61,3301060005
110101196311188560,王玉,2026-04,1913.64,4403050004
330106197307021685,马红,2026-05,100.999,4403050004
440305198712248020,林静军,2026-01,5423.03,3301060005
110101198001025984,郭芳,2026-09,1180.95,1101010002
110101199802228823,黄敏华,2026-04,5420.81,1101010001
320508196507225971,罗萍丽,2026-06,2528.83,4403050004
310104200211104687,徐伟,2026-02,1122.72,1101010002
320508197603129028,张勇,2026-03,4224.57,3301060005
440305199911170088,林萍娜,2026-03,2747.96,1101010001
320508196905106190,赵丽秀,2026-05,4795.98,3101040003
110101196511148491,周伟,2026-03,5915.46,3101040003
310104198809234371,林敏,2026-03,-100.00,3101040003
320508199503141301,李勇萍,2026-01,8140.86,1101010002
310104200202127983,林红平,2026-04,7849.15,1101010002
330106196103249464,徐桂华,2026-04,2767.85,1101010001
33010619620808204X,胡军桂,2026-04,2394.85,1101010002
330106198105280712,周秀艳,2026-09,3314.77,1101010001
110101197603199856,周敏,2026-07,3438.34,3101040003
330106199809043947,罗磊,2026-07,514.38,3301060005
31010419830703971X,徐兰敏,2026-05,4810.54,4403050004
440305198512105671,陈艳,2026-07,6257.20,1101010002
320508199605135615,王军杰,2026-06,4452.40,4403050004
310104199208269223,杨磊,2026-06,1293.79,1101010002
440305197404050250,李红,2026-02,4371.04,3301060005
310104198408132497,陈华,2026-02,7116.57,1101010002
310104199308025701,黄杰,2026-08,6174.41,3301060005
320508198008208340,何英明,2026-03,6821.07,4403050004
330106197604276529,周秀磊,2026-02,6565.13,1101010002
440305198106180828,陈强,2026-03,6504.56,1101010001
33010619860618477X,朱丽,2026-07,3810.55,3301060005
110101199607160069,孙刚英,2026-07,5074.87,3301060005
320508197408082797,朱伟洋,2026-07,6655.54,4403050004
310104199909019286,马娜,2026-07,1653.45,4403050004
310104196305133359,赵洋刚,2026-07,2865.18,4403050004
44030519650801767X,林红,2026-06,2405.89,1101010001
110101196104078596,王强,2026-08,6190.40,3301060005
310104198912097854,孙超,2026-02,7111.23,1101010002
440305196610019516,吴艳平,2026-02,5532.83,1101010002
110101197911208240,刘洋,2026-07,6122.93,1101010001
320508200106018698,朱娜萍,2026-08,6512.12,4403050004
310104199311096308,林娟英,2026-05,3239.59,1101010002
110101197708087682,胡洋娟,2026-06,2045.64,1101010002
44030519760609901X,郑明涛,2026-04,1227.71,4403050004
330106199504234873,郭桂娜,2026-04,3937.41,1101010002
440305200210124842,林艳平,2026-06,3490.39,4403050004
440305197905081231,赵敏明,2026-03,2128.10,4403050004
440305199709202891,刘军,2026-06,2025.25,1101010001
320508196805029979,李霞敏,2026-08,1371.99,1101010001
320508197808164513,徐红,2026-05,8499.04,4403050004
110101196407160757,罗静,2026-05,1224.04,1101010002
110101199507206103,郑刚,2026-07,4329.37,4403050004
440305199707105828,郑秀,2026-02,8554.52,1101010002
310104197611031603,黄明,2026-03,522.74,4403050004
320508199005022377,吴霞杰,2026-04,8353.24,3301060005
310104198702182305,陈英芳,2026-03,7237.34,9999999999
32050819780804479X,吴萍涛,2026-08,4220.95,3301060005
110101198712116188,周娜,2026-01,8996.37,3101040003
32050819620316531,胡丽超,2026-08,8736.97,4403050004
440305198606116865,刘洋,2026-08,2949.85,4403050004
320508196208033224,周敏刚,2026-09,7511.88,1101010001
320508198907021926,何秀娟,2026-08,6959.92,1101010002
440305199503104487,郭伟,2026-04,6533.15,3101040003
320508196009140959,黄杰,2026-02,6005.53,1101010002
33010619780923279X,朱红强,2026-09,1729.46,1101010002
32050819921205884,张刚英,2026-06,8441.11,3301060005
440305196005243050,罗华杰,2026-08,3433.55,3301060005
32050819840811890X,赵超,2026-04,7776.11,4403050004
110101198012167224,马红桂,2026-03,4710.29,1101010001
31010419921011890X,刘娜玉,2026-01,6640.77,4403050004
310104196408269929,周秀艳,2026-02,7740.00,3301060005
330106198011239081,郭秀,2026-04,5864.87,3101040003
310104196507047782,刘静军,2026-01,890.92,1101010001
440305198206141498,黄明桂,2026-03,1988.09,3301060005
330106199911085094,罗强,2026-05,-100.00,1101010001
330106197811181610,张萍红,2026-05,5930.98,4403050004
440305198905073930,郭强,2026-06,5385.90,3101040003
110101200207090087,罗玉,2026-08,7579.13,3101040003
310104199806086515,赵兰平,2026-03,5840.11,1101010001
440305198801193735,陈玉,2026-06,6853.59,1101010002
310104196809125432,何英磊,2026-08,8722.76,3101040003
440305196708031441,黄红桂,2026-06,1267.57,4403050004
110101197609044652,孙超英,2026-06,1420.94,1101010002
330106196110183352,郑兰,2027-06,8229.79,3101040003
330106196703029684,李红敏,2026-04,8041.70,1101010002
330106198906229722,林超平,2026-07,6066.84,4403050004
320508198605027062,孙杰,2026-04,7771.33,1101010001
440305199411120623,马丽敏,2026-08,1279.22,1101010002
320508196101263417,黄桂,2026-04,1083.19,3301060005
310104199704278903,黄刚桂,2026-01,2856.84,1101010002
310104199405261781,刘敏,2026-06,7214.87,1101010002
320508198001062713,李平,2026-09,1466.02,1101010001
33010619880617607X,刘涛萍,2026-01,6681.57,3301060005
440305198911010629,郭艳敏,2026-08,1124.67,1101010001
440305199803031291,周勇超,2026-05,4356.58,3301060005
330106196612048732,林杰,2026-04,4017.42,4403050004
330106198612043201,朱兰勇,2026-03,6337.98,4403050004
11010119650203442,刘桂明,2026-09,5274.31,1101010001
330106198211254331,李超洋,2026-09,2308.28,4403050004
310104196606285698,孙刚,2026-04,7361.38,3301060005
320508199911215700,王伟磊,2026-05,8333.07,3101040003
110101197103196739,马敏,2026-01,1279.94,3301060005
310104198407153499,杨军洋,2026-02,8008.41,1101010002
310104199901220831,周兰娟,2026-08,4020.56,1101010002
32050819670614113X,吴涛军,2026-13,3859.74,3301060005
110101196004109682,赵刚,2026-05,3289.04,1101010001
330106198703053894,林涛,2026-06,1112.64,1101010001
330106196108038826,徐超霞,2026-07,2960.88,4403050004
110101198003269704,郑英玉,2026-02,4212.05,1101010001
310104198710135365,张华平,2026-04,3331.08,9999999999
110101199211045435,何玉,2026-06,3484.35,1101010002
310104196603092022,杨刚,2026-02,2005.74,4403050004
330106199610156979,罗华秀,2026-03,4237.98,4403050004
330106200005262816,罗洋,2026-02,3138.47,4403050004
110101196306272936,张秀,2026-09,3768.10,3301060005
320508196208265850,赵超涛,2026-01,4329.45,3101040003
110101199211060408,黄红涛,2026-03,3593.13,3101040003
330106198606226124,李芳娜,2026-07,2915.25,3301060005
310104198102196797,陈军兰,2026-07,1596.09,1101010001
440305199507218107,徐兰,2026-09,1294.35,4403050004
32050819830112316X,杨洋,2026-08,2132.04,1101010002
310104196405288075,刘兰,2026-03,0,1101010002
31010419711225639X,杨芳勇,2026-04,8741.50,3301060005
440305198804182441,吴玉丽,2026-08,4424.28,3101040003
330106199209149895,杨桂,2026-03,7920.52,1101010001
330106198309047285,何磊,2026-03,2818.73,3301060005
31010419870208836X,胡萍艳,2026-07,4767.06,1101010002
330106196506080288,徐英,2026-06,7226.74,1101010002
110101197808238513,陈杰伟,2026-02,661.53,1101010002
310104199512205400,朱刚,2026-04,3059.79,1101010001
310104198611266378,胡敏,2026-08,5572.28,1101010001
32050819960423147X,吴伟洋,2026-07,2092.17,1101010001
320508198302175578,何勇,2026-08,870.04,4403050004
440305197612013657,张强兰,2026-02,7057.76,3101040003
310104196206183465,杨红娟,2026-03,7397.73,1101010001
330106196205070449,赵军,2026-05,4880.76,3301060005
330106197601256629,赵洋刚,2026-06,2822.34,9999999999
33010619851215916X,马红娟,2026-08,3622.45,3301060005
440305196512140806,朱明,2026-06,1372.08,3101040003
440305197908207346,朱霞,2026-06,4300.60,3101040003
320508198705218106,李兰,2026-07,3588.14,1101010002
11010119691022800X,胡敏,2026-04,7117.38,3101040003
44030519841002619,陈萍勇,2026-02,5378.34,3301060005
44030519850621285X,黄伟,2026-03,4741.87,4403050004
320508196705252663,胡红,2026-13,6398.84,4403050004
31010419670328075X,胡玉,2026-08,8976.73,3101040003
440305196409182979,吴霞,2026-03,7246.42,3301060005
31010419670426142X,黄伟明,2026-06,4472.95,3301060005
310104199902033165,马涛刚,2026-02,1565.28,3101040003
110101198808225290,孙华,2026-09,5938.25,1101010002
310104198709280565,刘军,2026-03,3242.62,1101010002
44030519930528080X,周秀,2026-09,2832.83,3101040003
320508199402176564,杨静,2026-06,7661.51,3301060005
110101196102029715,罗兰刚,2026-07,5753.92,1101010001
330106200009106570,吴强桂,2026-07,3028.19,1101010001
110101197008144957,胡洋,2026-03,3156.95,3101040003
440305198503253795,何军,2026-08,1541.44,4403050004
310104196902022972,马强华,2026-03,100.999,3301060005
440305197203165270,胡华娟,2026-02,8534.48,3301060005
330106197504193611,李磊,2026-08,2928.86,1101010001
110101198703097448,孙勇艳,2026-09,2154.57,3301060005
440305196407174617,林英秀,2026-02,1593.64,1101010001
330106198306189616,孙丽,2026-09,-100.00,1101010001
110101196203233416,郭静玉,2026-03,3287.71,3301060005
440305197007207570,吴涛涛,2026-08,6524.29,3101040003
330106196106116894,刘超桂,2026-01,5573.73,3101040003
320508199604240528,罗静秀,2026-07,1756.09,1101010002
110101199612041953,王军静,2026-04,3988.21,3301060005
330106196312055316,赵红娟,2026-07,3166.90,1101010002
33010619940618362X,周丽强,2026-09,3037.24,3101040003
440305197312235004,徐洋萍,2026-05,2946.21,3301060005
320508198407273537,陈芳萍,2026-02,3444.09,4403050004
440305199004078472,林萍霞,2026-03,1428.43,3301060005
310104197501229264,何秀,2026-01,1351.68,3101040003
330106196611251405,王艳,2026-08,4558.31,1101010002
440305198005210602,张涛,2026-01,8262.45,1101010002
330106197101274062,郭萍,2026-05,7952.32,1101010001
440305199610049508,徐杰秀,2026-09,abc,1101010002
320508198905078283,刘静杰,2026-05,6608.08,1101010001
440305197810227752,赵秀,2026-07,7529.41,3301060005
440305196507220975,杨娟,2026-04,558.06,4403050004
310104198805113097,罗磊,2026-06,6388.53,1101010001
110101198905064150,何霞秀,2026-13,3624.12,1101010002
310104196808054652,郑艳明,2026-08,6937.48,1101010002
310104199802174577,,2026-01,7544.58,3301060005
31010419960905168X,徐敏丽,2026-08,1273.00,3301060005
33010619630805525X,朱明明,2026-05,6647.88,4403050004
440305196012075921,张艳,2026-02,5099.89,1101010001
110101199001104185,杨刚,2026-07,3682.92,4403050004
330106198407036993,林兰,2026-06,1508.38,3301060005
330106199303242287,王红,2026-08,6224.75,3301060005
33010619940727235X,黄洋磊,2026-02,773.85,4403050004
320508196104070688,刘杰,2026/08,2580.24,1101010001
330106198804182222,李涛,2026-05,2490.37,3301060005
440305199610256881,徐军,2026-03,8878.41,3301060005
310104198605090628,林秀,2026-07,5224.73,9999999999
440305200111138042,何霞艳,2026-05,3699.91,3301060005
33010619750410878X,陈玉明,2026-07,5236.94,1101010002
33010619750507338X,张英娜,2026-04,938.06,4403050004
320508199801280748,赵娟,2026-06,3077.10,1101010001
310104197212047640,郭霞,2026-04,3871.37,1101010002
32050819800513477X,林军勇,2026-08,abc,4403050004
440305197306114230,李平,2026/08,2716.58,3301060005
320508198605052006,徐勇,2026-04,4744.06,3101040003
440305199112217572,郭静桂,2026-03,1689.65,3301060005
33010619710921980X,李英,2027-06,8534.10,1101010001
110101198603276457,黄霞,2026-01,2359.12,4403050004
440305196310216825,郑兰伟,2026-09,5188.97,1101010001
110101199312095482,吴涛,2026-07,7352.43,1101010002
110101196609052463,赵桂磊,2026-07,1171.66,4403050004
330106199604232314,吴兰,2026-01,1294.75,4403050004
330106199508026529,王娜,2026-07,5981.71,3101040003
320508196609022358,赵磊玉,2026-05,8144.15,3301060005
110101197106019842,赵刚,2026-07,8395.44,3101040003
310104199604198543,马勇平,2026-02,4756.74,3101040003
110101196607088585,张超秀,2026-07,8735.82,3101040003
110101200005264616,郭洋,2026-07,4170.71,3301060005
330106196510108175,黄娜,2026-03,3730.00,1101010002
330106198006040932,王杰刚,2026-02,1626.31,1101010002
330106198809185246,朱伟,2026-06,5210.87,3301060005
320508198007012987,朱刚平,2026-09,8194.26,1101010002
320508199303223898,杨磊,2026-05,4691.55,1101010001
310104198705143061,郭勇,2026-04,6627.65,4403050004
320508199904151092,陈伟艳,2026-07,7334.65,3101040003
33010619810727843X,郑军,2026-04,4571.58,1101010002
330106198005247114,郭洋,2026-05,7440.20,4403050004
440305196710076067,林霞,2026-09,728.79,4403050004
310104198805277091,张兰敏,2026-05,2557.18,1101010002
330106198402156128,郭涛玉,2026-07,5120.98,3101040003
320508199811031112,黄静秀,2026-07,8717.89,3101040003
330106196601042642,黄杰,2026-07,4436.04,3301060005
320508196906014944,刘艳萍,2026-02,7566.20,1101010002
440305197906158034,赵洋娜,2026-08,3210.73,3101040003
110101196701283512,刘萍,2026-04,4885.95,3301060005
310104198109149811,胡桂,2026-03,2084.29,4403050004
330106196112209042,赵超勇,2026-04,2249.17,1101010001
32050819660906374,徐杰,2026-05,6200.96,4403050004
320508200006203976,郑超洋,2026-08,5747.58,3101040003
320508199702221371,徐强,2026-02,2055.88,1101010002
320508198407201410,罗艳娟,2026-09,6394.18,1101010002
320508197008101434,杨英秀,2026-06,abc,4403050004
310104197207185176,郭霞艳,2026-08,4653.95,1101010001
320508196104100330,周明,2026-03,7136.29,3301060005
330106199509045860,刘刚英,2026-06,5107.37,1101010001
330106199404141047,黄华伟,2026-05,3462.90,1101010001
330106196704078306,罗华秀,2026-07,1910.84,1101010002
310104197301193594,林超静,2026-05,2959.33,3101040003
320508196603258044,朱红,2026-03,6462.13,1101010002
310104196912118484,黄娟超,2026-05,5836.41,4403050004
330106196411269010,张涛磊,2026-06,4364.91,4403050004
440305199701287923,张秀霞,2026-02,7263.26,4403050004
310104198704162746,徐洋超,2026-08,7200.58,1101010001
110101196611268562,胡敏,2026-03,4250.93,1101010001
330106197212059031,吴华,2026-05,1293.39,3101040003
440305196506229257,,2026-05,6670.90,1101010002
330106200102230971,王娟,2026-03,5546.28,3301060005
330106196001233517,刘霞娟,2026-04,3756.09,1101010001
110101198006101405,马秀,2026-03,1081.50,3301060005
110101199911064506,孙秀,2026-03,8319.10,3301060005
330106197302041433,刘洋杰,2026-03,2606.18,1101010001
31010419951020738,郑刚霞,2026-05,2246.29,3301060005
32050819721213302X,李娟,2026-02,2549.19,3301060005
110101199301129560,徐勇,2026-07,3606.01,1101010002
330106196401190691,王强玉,2026-07,4806.19,3301060005
330106198712130847,林磊,2026-05,1171.68,1101010002
31010419940613600X,张霞平,2026-04,992.20,1101010001
33010619670820623X,李兰兰,2026-03,1515.27,1101010002
110101197008125350,何静敏,2026-05,-100.00,1101010001
110101198107095366,张霞超,2026-02,4717.25,3301060005
440305196308285805,杨静刚,2026-02,2441.44,3301060005
110101196201080479,郭勇静,2026-01,5199.35,4403050004
310104198004149372,徐英超,2026-02,4767.35,1101010001
310104197409029761,马华,2026-05,7074.98,3101040003
440305196509150085,孙军,2026-05,6786.40,1101010002
330106198310167911,赵静,2026-07,703.24,3301060005
440305200012019734,徐刚,2026-07,7716.55,3101040003
11010119730908429X,郭红,2026-03,6549.05,1101010001
110101197409147171,孙红娜,2026-02,4796.14,4403050004
110101199710024452,陈军,2026-06,8371.36,4403050004
44030519800809239X,张敏,2026-02,1820.99,1101010002
330106198906141237,林红丽,2026-05,4438.45,1101010001
110101197011108463,郑强,2027-06,1760.75,1101010002
44030519850902693X,吴桂静,2026-07,7764.11,3301060005
32050819750215104X,陈伟,2026-04,1611.08,4403050004
44030520001103596X,罗玉娜,2026-02,2180.88,4403050004
310104196506040431,胡静,2026-07,0,4403050004
330106196107224360,杨强丽,2026-05,4291.10,1101010002
110101199910202516,吴艳明,2026-01,1245.63,4403050004
310104198604219055,何秀,2026-09,7256.19,4403050004
440305199009264960,孙勇丽,2026-06,5575.49,1101010001
44030519630817366X,罗红,2026-02,2606.78,1101010002
440305199412027826,黄洋英,2026-03,1996.85,3301060005
440305198210017203,孙明,2026-04,7611.92,4403050004
320508197903160385,张强,2026-04,669.39,4403050004
11010119811007825X,陈平玉,2026-06,1006.23,1101010002
320508196902285384,孙勇,2026-07,5481.14,3101040003
440305198003067494,朱兰静,2026-09,6395.26,3301060005
440305197411198341,杨军霞,2026-03,2010.52,1101010001
320508198510021864,郑玉红,2026-04,5937.00,1101010001
330106196906240797,黄红静,2026-02,7484.13,3101040003
330106196005072554,张磊敏,2026-01,909.25,4403050004
330106197007169020,马明娜,2026-08,abc,3301060005
310104197008038181,李伟磊,2026-02,1130.70,1101010002
330106197012035609,张超秀,2026-08,6488.29,4403050004
310104199807060544,刘丽丽,2026-09,6637.32,3301060005
440305200205102438,刘艳,2026-09,7638.76,1101010002
110101198301140896,吴丽伟,2026-03,5924.62,1101010001
330106196705264071,郭玉磊,2026-09,3793.98,3101040003
33010619830315045X,周娟强,2026-05,5296.10,1101010002
110101196511128271,林红超,2026-09,1018.36,4403050004
320508198609228873,郭娟,2026-02,3855.84,1101010001
320508199609265855,郑敏,2026-08,1969.47,1101010002
310104197203024332,张丽英,2026-03,7589.92,3101040003
440305196402135694,马英涛,2026-01,7185.68,3301060005
320508199307044248,陈明,2026-02,8361.89,3301060005
110101197809128981,朱勇娟,2027-06,818.46,3101040003
330106196910206970,马艳,2026-06,6369.37,1101010001
330106197706013455,吴磊娟,2026-02,8766.22,1101010002
310104197912157920,徐平超,2026-02,2097.45,1101010002
330106199109283827,李芳,2026-09,3928.77,3301060005
320508196103078960,赵强,2026-08,929.75,3101040003
310104197706274755,何秀敏,2026-01,2556.47,4403050004
320508198803284852,罗洋英,2026-05,6866.17,1101010001
44030519610702166X,罗英,2026-04,6260.41,3101040003
330106199201287994,王玉兰,2026-01,2402.05,3301060005
440305200105149167,马杰强,2026-05,6256.17,3301060005
330106199702015233,孙军敏,2026-02,3358.41,3101040003
440305197705217288,吴静,2026-04,8147.34,3301060005
330106200206221439,王红磊,2026-07,3939.09,1101010001
320508199604117431,黄玉兰,2026-09,3051.66,1101010002
320508197105044822,陈平明,2026-03,8548.85,3101040003
11010119740608762,吴桂洋,2026-05,5477.35,4403050004
110101199001286492,罗娟,2026-04,4754.06,4403050004
320508197907028912,陈红,2026-06,3978.13,3301060005
330106196906287325,杨娟,2026-03,3164.02,1101010001
110101198805077798,杨娟,2026-13,1599.95,4403050004
330106198507163922,,2026-06,8575.58,3101040003
320508197201220048,黄霞,2026-06,3152.78,1101010001
330106199210101717,张军,2026-05,4375.37,3301060005
320508199306149099,陈红娟,2026-04,1901.51,4403050004
110101197404241345,赵超,2026-03,1546.88,1101010001
330106200005255472,郑超,2026-01,6126.74,1101010001
110101196707153890,刘娟静,2026-01,3059.49,1101010001
320508197710207175,陈英娜,2026-02,2903.01,1101010001
330106197210077965,周勇,2026-07,3010.49,1101010001
320508199104239555,郭强伟,2026-02,8208.48,3301060005
330106196902255238,张玉,2026-04,4382.39,3101040003
440305198901048324,杨英,2026-06,7313.57,3101040003
330106196702287761,李英,2026-03,3293.62,4403050004
320508197712033818,徐敏,2026-07,8679.63,3101040003
33010619900721907,杨敏,2026-01,8843.34,1101010002
110101198610168219,罗丽勇,2026-06,5696.55,1101010002
330106199102144517,李磊,2026-06,605.06,3301060005
320508199604228940,徐杰,2026-04,0,4403050004
310104199510020111,杨英华,2026-02,6887.16,3101040003
310104198105025192,黄艳强,2026-08,4275.61,3301060005
330106196508153233,刘平伟,2026-07,4004.88,3301060005
320508196002266188,郑华明,2026-08,8578.02,3101040003
110101197408115733,郑平勇,2026-08,1469.20,1101010002
110101198106276480,吴霞芳,2026-03,4685.59,4403050004
110101197610071922,刘强英,2026-04,6592.70,1101010001
330106196211276881,罗刚,2026-08,4387.80,3301060005
320508196808015433,李英娟,2026-09,7139.19,1101010002
320508197112271310,刘兰超,2026-06,4784.94,4403050004
330106199812252547,周萍红,2027-06,7340.77,1101010002
330106199812245240,吴霞萍,2026-04,2207.56,3301060005
440305198211057274,杨霞刚,2026-09,4583.14,3301060005
330106199405284322,王伟,2026-03,951.05,1101010001
310104197703106991,周英,2026-05,2234.01,3301060005
110101198208046301,林平,2026-09,3805.54,3301060005
440305200201133966,朱红芳,2026-05,2226.24,4403050004
310104200012236636,孙刚,2026-04,3000.51,1101010002
110101197103245262,刘芳磊,2026-05,1605.57,3301060005
440305196006157269,陈静,2026-06,5573.48,3301060005
440305199110183663,张涛萍,2026-09,1079.50,3301060005
310104198609184138,张强丽,2026-06,3314.07,3101040003
310104199909165742,王兰,2026-08,2542.96,3301060005
320508197501229060,徐玉萍,2026-07,2681.02,3101040003
110101199306178222,何娟军,2026-04,3222.66,1101010001
110101197009180079,张兰,2026-04,7852.08,4403050004
110101197309277198,朱平,2026-13,701.90,3101040003
110101196502021827,周超,2026-04,8243.39,4403050004
33010619881113443X,徐勇,2026-02,5046.09,3301060005
110101199701238686,张玉娜,2026-05,5655.81,3101040003
33010619840727676X,王静强,2026-07,7272.55,3301060005
440305200003106932,孙明,2026-09,1701.68,1101010001
11010119961013550X,林军,2026-06,2299.76,3301060005
31010419700308631X,周敏,2026-01,7736.80,3301060005
330106200109032978,张娜平,2026-08,8588.09,3101040003
310104200211081024,吴玉,2026-06,-100.00,3101040003
320508200205235989,陈桂萍,2026-03,541.07,1101010002
310104200107098600,孙霞,2026-06,7962.03,4403050004
33010619820516564X,刘兰,2026-02,7655.24,1101010002
320508197205249075,张华,2026-09,5868.83,3301060005
320508198510079281,李明红,2026-08,6058.22,1101010002
440305198504256031,吴娟,2026-09,1269.71,3101040003
320508196011088686,郑刚,2026-03,4292.87,1101010002
320508199611289901,陈萍芳,2026-08,2469.87,3101040003
440305197401222117,何勇玉,2026-01,839.19,3101040003
110101199311272803,周勇,2026-07,3605.02,1101010001
320508197607085288,马桂洋,2026-08,8040.96,1101010001
320508196808062352,张丽丽,2026-06,5617.17,1101010001
310104198606241168,郭娟超,2026-07,690.79,1101010001
310104199610061375,何华,2026-03,-100.00,3101040003
310104199307209920,罗华,2026-05,8551.66,1101010002
330106199808284933,杨英,2026-03,7254.24,1101010002
320508200209091716,徐超芳,2026-07,3776.43,1101010001
110101197209289319,何英超,2026-03,4544.89,3301060005
320508196209177705,刘娟,2026-03,8166.87,3301060005
110101200107174304,孙霞,2026-07,-100.00,4403050004
330106198210267595,罗艳,2026-05,4555.70,1101010002
11010119781018418X,周伟,2026-01,5412.89,1101010001
320508196007212103,徐勇静,2026-05,2721.07,3301060005
330106199606202821,马艳,2026-09,4600.98,3101040003
320508199508093142,罗刚艳,2026-03,7767.49,1101010001
310104198812061029,赵桂桂,2026-01,1866.27,1101010001
110101196908204455,张磊,2026-06,1180.34,1101010001
330106198510215332,吴萍,2026-03,5942.48,4403050004
110101197211265308,吴伟,2026-09,4884.42,1101010002
320508197011023684,黄红,2026-02,8972.95,4403050004
440305200207136009,赵平,2026-02,8313.01,3301060005
440305199510123555,周超,2026-04,4365.45,4403050004
32050819600506416X,何明,2026-09,3001.14,1101010001
320508197609278120,罗霞红,2026-08,7044.72,3101040003
330106198910280280,郭磊,2026-07,5886.13,1101010002
310104198007125288,林霞,2026-05,2610.19,1101010001
330106198102189530,杨军强,2026-05,2053.67,1101010002
330106197204242477,周强,2026-04,7608.85,3101040003
310104196602036926,郭刚,2026-09,8642.94,4403050004
440305199906169197,罗娟红,2026-09,2882.27,1101010002
320508196801178184,朱萍伟,2026-06,3846.59,1101010002
33010619671217471X,徐伟,2026-04,3725.14,1101010001
440305198310282653,杨强娟,2026-06,3610.36,4403050004
33010619730723770X,孙英磊,2026-03,5356.98,3301060005
310104196612098231,黄英丽,2026-03,4520.39,1101010001
310104198608059140,何刚军,2026-09,7797.27,1101010001
330106196612060619,赵娟秀,2026-08,6829.04,3101040003
44030519830918954X,周伟敏,2026-04,5403.26,3301060005
310104197806116893,何刚杰,2026-02,3739.10,3101040003
330106200003281714,徐秀超,2026-02,1172.45,3101040003
310104198006212988,周磊杰,2026-06,6857.11,3301060005
33010619860306874,王平,2026-05,8493.72,1101010001
310104197007040976,张明伟,2026-07,4953.85,1101010001
110101197610050865,马强平,2026-08,5825.09,1101010002
320508197001026793,孙华娟,2026-09,8446.29,3301060005
330106196812181810,罗秀秀,2026-07,4949.41,3301060005
440305198208182322,张军艳,2026-03,3080.37,1101010001
320508196806104803,林霞,2026-08,8549.14,4403050004
440305196007262992,郑桂,2026-09,3675.97,4403050004
320508198707081676,马强娜,2026-04,4891.19,3301060005
440305197811245442,周丽芳,2026-03,2961.56,4403050004
320508198805236379,郭军,2026-03,921.87,3301060005
110101197102102753,陈平强,2026-03,625.16,1101010002
440305198605268189,郭杰桂,2026-06,1181.90,1101010002
110101197707035565,郭丽,2026-05,7446.63,1101010001
110101197507259986,胡平,2026-01,2193.03,1101010001
320508200204163987,吴静平,2026-09,4927.87,3101040003
330106200005073695,李红,2026-04,5879.73,3101040003
110101197005191221,马伟,2027-06,5439.15,4403050004
320508196906250912,黄娟,2026-06,8412.21,1101010001
110101198211057183,林敏,2026-04,3192.29,3301060005
440305198812070212,马平磊,2026-01,4625.07,4403050004
320508197809235010,赵明,2026-06,6725.42,3101040003
320508199503035437,陈军磊,2026-06,4359.67,3301060005
330106197101208778,孙军,2026-02,6095.46,3301060005
330106197209225094,林秀,2026-06,3983.34,3101040003
110101196609220682,李丽,2026-01,2217.67,4403050004
310104196601196573,马涛霞,2026-05,917.23,1101010002
32050819640107671X,郭娟,2026-01,3567.87,4403050004
440305196310095410,李英,2026-02,8529.13,3301060005
110101196612085442,马丽,2026-04,5345.24,1101010002
320508199507241086,罗兰霞,2026-07,8004.00,1101010002
310104199507173459,杨萍玉,2026-09,8927.44,3101040003
440305198611148458,徐明,2026-04,3688.04,9999999999
440305198308159824,马平,2026-05,5563.98,3301060005
310104197901102270,赵伟英,2026-05,abc,3301060005
320508199610050966,李洋敏,2026-06,8061.82,1101010002
310104197605035843,马平,2026-06,7239.69,1101010002
330106199602206577,吴平,2026/08,1167.06,1101010001
440305198207149520,刘平,2026-01,5888.04,4403050004
110101197909023263,林洋,2026-04,1802.18,4403050004
330106199810170927,黄军艳,2026-03,3357.43,4403050004
320508196309132686,张涛刚,2026-03,100.999,4403050004
320508197208136674,罗明,2026-09,2593.09,1101010001
440305198706229461,罗敏,2026-07,4100.10,3101040003
310104198006206713,王静洋,2026-08,5797.05,4403050004
110101197404223825,陈敏,2026-01,2565.91,3301060005
310104197801117109,刘杰伟,2026-04,100.999,1101010002
310104199409252647,林秀红,2026-01,3701.16,3301060005
110101197603022903,赵芳兰,2026-01,1066.08,3101040003
440305196601108883,马红,2026-09,8801.20,1101010001
440305199110180905,杨涛,2026-08,5265.84,1101010001
110101197509103416,郭平伟,2026-06,3520.71,3101040003
310104199205260637,周华桂,2026-01,8525.16,3101040003
310104196906136723,陈平,2026-09,8665.15,3301060005
310104198604191566,朱玉洋,2026-09,1620.06,1101010002
320508199411262077,陈霞玉,2026-03,4155.55,1101010002
320508197006035701,林丽,2026-03,6680.18,3101040003
330106198605157630,周刚,2026-02,1618.14,1101010001
320508199905205806,郑超,2026-04,6342.71,3101040003
110101199003178663,郑霞勇,2026-07,4677.29,1101010002
310104197204024182,王萍强,2026-04,6941.10,1101010001
310104198810167049,徐华艳,2026-01,5667.40,4403050004
440305198510245857,郑涛,2026-08,4383.65,1101010001
310104199309137529,李涛秀,2027-06,2113.73,4403050004
330106197905151703,朱秀芳,2026-09,8181.24,4403050004
330106196512171151,杨艳,2026-06,4332.53,1101010002
330106199712079038,胡磊,2026-03,6606.19,1101010001
110101196712156498,孙涛,2026-07,6678.43,3301060005
320508197007183896,李玉,2026-03,1878.05,1101010002
310104196307103161,胡秀敏,2026-03,abc,1101010001
320508197601155097,郭秀,2026-08,2521.97,3301060005
330106198907150813,郑强,2026-09,2863.96,3301060005
310104196303050568,孙静,2026-01,6169.47,3301060005
440305198102021117,朱静,2027-06,5694.26,3301060005
32050819950315767X,罗萍娜,2026-05,3243.99,4403050004
110101198709032995,郭敏,2026-05,3298.27,4403050004
320508197312076261,李明,2026-09,8891.11,4403050004
320508197807208684,徐涛红,2026-06,8380.40,3301060005
320508199109246471,郭桂华,2026-04,6522.99,1101010002
110101196701156409,刘桂,2026-07,4019.35,3101040003
440305199511070117,赵磊芳,2026-05,4806.86,3101040003
110101196711113496,马英,2026-04,3309.38,3101040003
330106199001211397,郭秀,2026-09,8115.39,4403050004
330106196309105781,徐丽,2026-06,7296.05,3101040003
110101196905270318,徐秀英,2026-07,2092.72,1101010001
440305198012022781,朱娟,2026-04,3658.46,3101040003
310104199305061141,孙刚,2026-02,4272.08,1101010001
33010619920307348X,郭刚静,2026-02,abc,3301060005
310104197312024702,马伟,2026-01,6339.94,3301060005
110101198108021051,何伟刚,2026-04,3227.48,1101010002
440305197709117911,胡磊,2026-03,2825.91,1101010001
32050819950904211X,林明磊,2026-05,5379.71,1101010002
110101197910115536,胡敏,2026-08,8177.99,1101010001
110101198401034361,马霞,2026-08,5738.68,3101040003
440305197212256860,林红,2026-08,5326.21,1101010001
330106196608107007,胡强强,2026-05,8259.32,4403050004
310104200206268812,徐娟芳,2026-02,3487.25,4403050004
310104197806205888,陈艳,2026-02,3269.89,1101010001
440305199408136042,朱秀,2026-09,abc,4403050004
330106196406078332,罗刚杰,2026-06,5128.48,1101010002
310104200211037576,罗敏超,2026-06,5218.25,4403050004
310104197907036120,刘洋兰,2026-01,1269.53,1101010002
320508200001251506,陈涛勇,2026-08,2163.17,3101040003
440305199611109402,朱红超,2026-09,abc,1101010002
440305196306189916,李霞,2026-06,1432.44,3101040003
110101197507236047,马霞艳,2026-07,5133.51,1101010002
330106196804183939,孙静红,2026-03,1641.36,1101010001
110101196912166738,朱娜,2026-07,7811.30,3301060005
330106199903155216,朱勇强,2026-07,5638.87,3301060005
330106197512172757,朱伟芳,2026-08,6491.50,1101010001
320508199012031458,何娟娜,2026-02,2584.47,1101010001
320508199705200541,徐娟,2026-09,8201.47,3301060005
440305198606263013,吴伟,2026-05,6679.26,3301060005
440305196311165927,杨兰,2026-05,7375.61,3301060005
110101197808031299,何英,2026-05,2642.43,3301060005
440305197705017593,刘玉,2026-03,6102.82,3101040003
310104197612084969,杨洋,2026-02,8722.44,3301060005
310104199107253927,黄平静,2026-06,961.77,3101040003
110101196303154088,郭娟萍,2026-09,2486.12,4403050004
330106197603178919,朱军,2026-08,3747.03,9999999999
320508196202186529,孙秀兰,2026-05,3347.22,3101040003
110101197611194000,胡平,2026-04,4919.59,1101010002
440305199501220089,张艳,2026-09,1383.21,4403050004
440305197412102575,赵伟,2026-02,983.50,3301060005
310104199811047254,刘英,2026-03,3695.65,3301060005
310104196712062594,吴兰娜,2026-08,8342.91,3101040003
330106200206091654,张刚勇,2026-06,8965.65,3101040003
44030519710803503X,赵静娟,2026-03,5095.37,4403050004
310104199911049345,胡娜娜,2026-05,7106.52,1101010001
330106196911210007,李磊霞,2026-07,5384.44,3301060005
330106199007138645,张伟,2026-08,1530.23,3301060005
440305198111104109,李勇,2026-06,1183.88,4403050004
440305200104065674,李兰军,2026-07,8119.92,3101040003
330106196511157526,赵伟,2026-01,6617.78,3301060005
310104199107038119,林娟红,2026-08,8715.88,1101010001
110101198101118061,李敏桂,2026-09,4396.15,3301060005
310104199704030377,陈兰娟,2026-01,2562.80,1101010002
110101197111029260,吴杰,2026-03,7600.49,1101010001
110101196708208187,郑芳,2026-04,4122.80,4403050004
440305196711195586,陈英桂,2026-01,5541.22,3101040003
110101196705057758,朱霞,2026-09,1902.55,1101010002
320508196203048101,郑刚伟,2026-08,1186.14,1101010001
310104196512216077,吴霞桂,2026-08,6385.05,1101010002
310104200005174617,朱萍,2026-01,5568.31,4403050004
320508196511278013,吴艳明,2026-04,1498.82,3301060005
110101199906287799,林杰,2026-04,2849.63,1101010002
110101196911289912,郭静兰,2026-01,959.23,3101040003
440305197307093427,郑芳平,2026-09,1995.04,1101010001
330106199202039167,黄超洋,2026-04,6850.24,3101040003
310104196706081000,黄华勇,2026-04,1125.00,3301060005
330106196307052217,郑静勇,2026-08,6618.48,3101040003
440305197206050321,罗磊,2026-02,7739.04,4403050004
33010619700608907X,吴桂,2026-03,5414.03,3301060005
310104196507285342,郭超,2026-13,2872.95,4403050004
310104197506145932,黄玉,2026-01,4051.06,1101010001
110101199012255165,李涛娟,2026-02,4345.75,1101010002
110101199501237494,朱敏,2026-05,2532.03,1101010001
110101199011101658,胡红,2026-08,7060.60,4403050004
310104198311157209,王勇,2026-06,5012.82,3101040003
33010619771220555,罗桂,2026-02,5773.87,3101040003
11010119921112909X,李勇,2026-08,0,3101040003
440305197111187210,张敏,2026-06,2528.38,1101010001
330106199712077710,黄洋磊,2026-07,2855.74,1101010001
440305198208165135,何娟,2026-09,6265.62,3301060005
440305198810128193,张华,2026-08,1242.12,4403050004
310104197802041687,周霞,2026-08,1779.23,1101010002
320508200001104266,林娟,2026-07,4272.81,1101010001
440305197202018922,黄艳洋,2026-06,-100.00,3301060005
320508198808105809,陈静磊,2026-08,3661.17,3101040003
110101196906104661,杨霞,2026-05,2049.38,1101010002
310104197004040428,徐杰,2026-06,2068.22,3301060005
110101200206121515,孙明静,2026-05,1532.67,1101010001
33010619910315950X,徐伟,2026-09,8792.61,3101040003
440305199005255872,陈洋敏,2026-08,8151.48,1101010002
320508196705014112,郑杰,2026-02,3274.11,3301060005
310104199709088009,周伟,2026-09,7720.34,1101010001
32050819850416325X,郑玉,2026-06,3879.24,4403050004
440305198406012914,孙军杰,2026-09,1244.59,4403050004
330106198805068253,朱敏超,2026-02,1720.93,3101040003
330106199306039559,罗娜艳,2026-05,4023.37,9999999999
33010619960307190X,马明芳,2026-05,7593.97,3101040003
330106199512152296,王静,2026-05,8626.23,4403050004
11010120011110427X,杨玉兰,2026-01,1514.51,3101040003
330106196410243708,罗明华,2026-08,8781.20,1101010001
440305199212190178,周超,2026-03,3217.29,1101010002
440305197001093694,,2026-02,4867.87,1101010002
110101199803183305,徐磊霞,2026-06,1314.58,3301060005
440305196901055306,吴刚艳,2026-03,abc,1101010002
320508197404269183,林艳,2026-02,1490.81,1101010002
110101199006107078,孙桂,2026-09,6990.51,3101040003
310104197901248341,刘敏,2026-03,6348.40,3101040003
310104197303034351,刘伟,2026-08,6937.34,1101010001
310104196601266754,何娟,2026-05,867.89,3101040003
110101196602202107,罗丽,2026-06,748.70,1101010002
44030519970612164X,何涛,2026-02,1342.40,3301060005
110101199304231966,吴玉,2026-09,536.80,1101010001
310104199212163755,罗杰,2026-02,2037.21,3101040003
330106198704172334,朱刚,2026-06,1550.73,1101010001
320508196808253693,吴娜,2026-08,1483.64,3101040003
330106199812107032,胡明,2026-05,8872.18,4403050004
310104196408223760,杨红,2026-08,6212.81,4403050004
330106199311220870,刘艳,2026-02,6802.17,1101010002
110101198304112057,郑敏英,2026-08,2867.41,3301060005
320508197711133649,郭红涛,2026-03,7028.00,1101010001
110101197608162366,陈娜,2026-01,7557.66,4403050004
110101197107206957,徐军,2026-02,6961.46,3301060005
33010619890410677X,郭涛明,2026-09,abc,1101010001
330106196707153228,马杰伟,2026-09,6104.99,3101040003
310104199107053191,马刚明,2026-08,6110.67,3301060005
320508199008188743,杨勇,2026-08,5523.88,4403050004
320508198205110625,王敏,2026-06,3465.45,3301060005
110101200006130994,朱红艳,2026-01,6120.54,1101010002
310104200105190868,张敏静,2026-09,3271.99,4403050004
33010619960914273X,王超红,2026-07,5348.01,3101040003
320508196608047078,赵娟桂,2026/08,1916.33,3101040003
440305198704166508,张军,2026-01,3027.22,3301060005
330106197410249805,张超,2026-05,1071.79,3301060005
330106198704128149,张涛军,2026-09,3163.50,4403050004
330106197610174641,林华,2026-09,7833.03,3301060005
330106197311277608,胡萍涛,2026-07,8444.41,1101010001
320508197206151512,黄平,2026-05,7675.04,4403050004
440305196411078660,朱英兰,2026-05,6338.27,1101010002
33010619750205196X,王桂,2026-05,4445.36,3301060005
33010619871102206X,杨敏磊,2026-05,6098.70,1101010002
110101199101028802,张超华,2026-07,8122.57,1101010001
330106196804045843,何涛,2026-09,2640.37,1101010001
310104199802258260,徐英平,2026-04,8451.75,1101010002
310104196603079936,周艳华,2026-01,4668.05,3101040003
110101198009144865,黄华萍,2026-06,4539.39,3101040003
440305196111200353,李磊,2026-07,3128.78,3101040003
110101199404284539,马玉,2026-07,8383.81,3101040003
440305196504102156,杨秀华,2026-07,7209.20,3101040003
110101199108244225,徐华桂,2026-03,6437.10,3301060005
110101198207207468,林杰伟,2026-01,5951.67,1101010002
330106200103014103,赵军娜,2026-03,2621.63,1101010002
320508198606154899,陈静超,2026-06,7295.99,1101010002
11010119860606402X,马伟,2026-01,8346.45,3301060005
310104196508072680,杨艳,2026-07,5603.34,1101010002
110101198303191208,王刚玉,2026-08,1507.35,1101010002
310104197705245063,马杰,2026-04,5600.70,3101040003
31010419860314811X,陈军,2026-05,2501.63,4403050004
310104198310226620,胡伟,2026-03,7907.27,4403050004
310104198412147536,郑娜明,2026-01,-100.00,1101010002
330106198210229900,郑伟,2026-09,5767.09,3101040003
330106200206059910,林超,2026-05,1943.87,4403050004
440305198903033249,何敏敏,2026-01,8817.39,4403050004
440305198307109243,周涛杰,2026-03,3182.11,4403050004
310104199511218170,胡丽,2026/08,2453.81,1101010001
330106197603234781,朱红,2026-08,846.73,3101040003
320508199108161150,陈洋,2026-04,7879.47,1101010002
310104199205199127,罗超,2026-01,4971.13,3301060005
310104198602087861,郭华,2026-01,2916.39,1101010001
330106198310048576,徐伟,2026-08,7560.94,4403050004
330106200005206734,王红兰,2026-08,3261.78,3301060005
310104197301266597,吴桂平,2026-09,8591.15,4403050004
110101198505062455,马伟,2026-04,1885.00,4403050004
440305200111051238,吴桂平,2026-05,8181.74,3301060005
310104198211048523,孙娟,2026-07,4549.74,3301060005
320508198702254320,孙杰,2026-07,1290.05,3301060005
440305198911086631,陈涛兰,2026-02,2970.98,4403050004
110101199005051308,吴涛,2026-05,5332.55,3301060005
110101196209045221,朱娜兰,2026-05,3521.39,3301060005
110101199201047584,胡桂,2026-07,884.70,4403050004
440305198010244655,胡洋玉,2026-03,2294.08,1101010001
320508197611044446,林伟,2026-02,-100.00,4403050004
330106198511246165,郭秀红,2026-06,6370.63,4403050004
440305196503050147,赵桂,2026-04,7801.60,1101010002
330106200103212476,朱娜,2026-08,1759.41,4403050004
11010119670305756X,胡娟华,2026-04,2211.38,3301060005
330106196306011050,朱英平,2026-09,8991.72,1101010001
330106198508176055,郑强芳,2026-01,4087.04,3101040003
320508196405214278,郭娟,2026-06,4310.77,4403050004
110101197005241962,郭杰涛,2026-06,8334.75,4403050004
31010419781223399X,朱桂桂,2026-03,5785.66,9999999999
110101200208051776,赵超,2026-02,7244.60,4403050004
440305197504180482,王华洋,2026-03,1985.08,3301060005
110101196406141167,郑敏,2026-04,4634.11,3101040003
440305196209099177,陈霞,2026-08,7291.39,1101010001
110101199910268785,刘涛,2026-03,5854.37,1101010002
440305197012107254,胡平娜,2026-06,3344.16,1101010002
11010119720814787X,王英,2026-08,3401.22,3301060005
310104196505127324,朱秀强,2026-09,4084.64,1101010002
310104198707149192,胡萍杰,2026-01,6599.82,3301060005
110101196506114115,杨芳刚,2026-03,8171.34,1101010001
320508197807139076,林平军,2026-06,0,3101040003
320508199903234136,胡华,2026-08,6428.50,4403050004
310104197902025502,徐平平,2026-03,4923.99,3301060005
440305197302175650,吴刚静,2026-01,8067.71,3301060005
32050819760427792X,吴红敏,2026-01,7653.46,3101040003
320508198202027746,刘军平,2026-08,3381.33,1101010002
320508199612216819,林洋,2026-05,6168.84,3301060005
310104198409242532,刘涛丽,2026-06,4361.63,1101010002
330106198602030634,朱娟,2026-08,1163.62,3301060005
330106199709177972,马超秀,2026-08,6356.65,4403050004
33010619700317130X,郭敏霞,2026-09,1503.49,1101010002
330106199001241609,林玉敏,2026-07,1437.86,3101040003
320508197801171569,刘军勇,2026-05,4630.37,1101010002
310104199707029590,吴强桂,2026-08,517.73,3301060005
440305196401144927,,2026-07,4539.43,3301060005
310104196809214718,胡静平,2026-02,7298.40,3301060005
330106198404133472,林萍,2026-08,6755.26,1101010001
31010419611021815X,吴兰,2026-02,2135.63,3301060005
320508199601195340,赵涛伟,2026-09,2027.82,1101010001
440305197304277220,罗娜涛,2026-06,3915.28,1101010001
330106196106141846,朱华,2026-06,3747.09,1101010001
110101196609062928,陈磊,2026-02,1810.93,4403050004
310104196310111859,王军,2026-02,3220.35,4403050004
440305197607279215,刘丽,2026-04,4690.33,3301060005
330106196705023251,胡芳伟,2026-04,8266.75,1101010001
440305199510221032,黄军,2026-07,4290.85,3301060005
310104196906181727,黄萍明,2026-01,508.51,4403050004
320508197811060002,李磊磊,2026-07,8993.56,1101010002
320508199205021651,林军,2026-07,6436.65,1101010002
320508197707076258,何华萍,2026-05,8826.94,4403050004
440305197511113499,赵萍洋,2026-03,5994.77,1101010001
320508199001016885,杨明霞,2026-08,6980.95,3301060005
110101200111035518,王兰洋,2026-07,7533.47,3101040003
330106197112011276,胡萍杰,2026-04,6816.73,3101040003
440305197202276286,吴强,2026-08,100.999,1101010001
440305199112236204,赵丽,2026-07,1443.05,3101040003
32050819920806565X,赵芳,2026-03,6840.77,1101010002
440305199604177466,周英,2026-01,8931.59,3301060005
320508197611189047,胡萍,2026-01,7757.81,3101040003
330106198605046965,何娟涛,2026-01,8012.32,1101010002
110101197707184595,徐勇,2026-06,1195.38,3301060005
110101197412149805,张丽,2026-06,3141.85,1101010001
110101199007260242,罗英强,2026-08,2526.05,3101040003
110101198109262420,张刚秀,2026-02,1227.04,1101010001
110101198406287106,张芳,2026-08,965.71,3301060005
330106196402220573,林军,2026-07,3914.31,3301060005
330106197410266752,郑杰,2026-08,7258.90,3301060005
320508196606219606,王涛超,2026-02,1372.86,3301060005
110101199704191297,何洋娟,2026-08,2080.35,1101010002
110101196303105980,朱军华,2026-03,1752.98,3101040003
320508198105129935,王芳,2026-09,7463.06,3301060005
110101198706079990,赵刚,2026-06,2109.52,4403050004
330106199812118727,罗秀艳,2026-03,1391.21,1101010001
330106197401212285,黄秀强,2026-06,7361.81,4403050004
310104198503270062,孙娜,2026-01,5214.88,1101010002
440305198804215995,孙红,2026-04,2181.51,1101010002
310104197612063471,林静,2026-01,1996.66,3101040003
110101196111053880,刘萍军,2026-04,3641.95,3101040003
310104199310148997,张静,2026-03,7256.63,1101010002
320508198412123250,郑红强,2026-01,6986.20,3301060005
31010419940526152X,徐芳,2026-05,7919.24,3301060005
320508199104240839,郭静,2026-07,6886.12,3301060005
440305199109151832,徐涛娟,2026-08,4526.94,3301060005
330106200010210375,赵玉,2026-08,7836.93,4403050004
310104197907135858,杨磊娜,2026-02,3007.91,3301060005
440305197410024761,何艳娟,2026-07,3623.85,4403050004
440305197707011830,胡磊,2026-02,3552.29,1101010001
44030519920918659X,张玉娜,2026-02,3562.01,3301060005
310104198104223373,周平刚,2026-05,2120.46,3301060005
310104199405017885,吴英刚,2026-07,-100.00,3301060005
110101199011177791,陈强平,2026-04,4532.73,3301060005
320508199508248335,胡桂军,2026-04,4144.74,4403050004
310104198808285716,王敏华,2026-05,8518.51,1101010001
330106200206112304,朱霞艳,2026-09,3046.92,3301060005
110101199601051574,徐红丽,2026-07,1041.53,4403050004
310104199002115835,胡娜娜,2026-09,2009.91,3301060005
330106196103070712,马丽军,2026-09,1094.83,1101010001
440305199301063349,朱静敏,2026-09,4056.51,1101010001
330106197303282108,吴桂兰,2026-03,5631.53,3101040003
320508197209237012,胡丽红,2026-08,1043.75,4403050004
320508197509119325,罗杰超,2026-02,2947.25,4403050004
440305197907208435,杨强玉,2026-07,4391.54,1101010002
320508196607239684,李华,2026-03,100.999,3301060005
440305200202237433,赵艳刚,2026-02,100.999,1101010001
110101199206144615,杨丽芳,2026-01,1122.16,4403050004
330106198112138765,赵芳磊,2026-03,3280.44,4403050004
330106198902035613,黄敏桂,2026-03,1950.01,1101010001
320508196603101274,林静兰,2026-01,6257.76,1101010002
330106198203077312,李杰,2026-01,7610.26,3301060005
110101198412104548,李芳,2026-07,7020.47,1101010002
440305197504030169,朱红,2026-06,7474.48,1101010001
310104196611067417,杨艳,2026-02,7432.81,3101040003
320508200004202128,林萍敏,2026-04,1400.03,3101040003
310104196007213238,王丽强,2026-05,6024.53,3101040003
110101196404143089,郑红娜,2026-09,7225.71,3301060005
31010419760220332X,马洋,2026-06,8813.18,4403050004
110101198101209334,罗勇秀,2026-04,4779.07,1101010001
310104196110259189,刘强艳,2026-04,5768.01,1101010001
310104198308102063,陈丽芳,2026-08,6783.67,3101040003
310104197706218059,李兰军,2026-01,2446.59,3101040003
440305197504180554,黄秀,2026-07,4932.51,1101010002
330106200001038905,郭萍,2026-01,5892.12,1101010002
310104196802066062,林强,2026-02,4123.04,4403050004
440305197012072506,朱超,2026-05,2925.50,4403050004
310104197708039732,孙勇娟,2026-07,4794.99,4403050004
310104199001253902,朱刚,2026-05,5559.06,1101010002
320508197105134748,吴磊明,2026-08,1111.49,1101010002
330106197203070044,王娟玉,2026-07,8749.19,3101040003
330106199105216029,张华红,2026-02,3771.02,3301060005
310104197207097897,孙秀勇,2026-01,6032.70,4403050004
310104197508029433,孙霞,2026-03,2721.31,4403050004
310104197604205927,杨敏,2026-02,5977.38,4403050004
330106199702179318,赵静艳,2026-05,4755.50,3301060005
330106199705244218,张秀,2026-06,7420.94,9999999999
310104198512100065,杨伟芳,2026-07,4962.18,3101040003
330106197003121900,陈娟,2026-09,8562.11,4403050004
32050819730307060X,杨磊,2026-07,4246.21,3301060005
110101200003033005,张敏芳,2026-01,5477.99,4403050004
330106196601022721,王娜,2026-09,7230.19,4403050004
320508199305164844,徐洋霞,2026-06,-100.00,1101010002
440305200207136252,李华桂,2026-01,4383.81,4403050004
310104196110048891,何萍刚,2026-04,abc,3301060005
330106199207221929,王伟勇,2026-01,8741.58,3101040003
330106197410164094,郑洋,2026-08,8888.41,1101010001
330106197810077299,陈敏,2026-02,3061.46,3301060005
330106197008044932,林强,2026-03,6902.65,1101010001
110101198712011642,徐刚强,2026-05,6160.43,1101010001
310104199411245032,张华萍,2026-02,5973.89,4403050004
330106200111265754,朱强,2026-02,2973.30,1101010001
11010119811219959X,赵超,2026-03,7753.31,4403050004
320508196005026040,林英,2026-07,abc,3101040003
310104199311206044,黄艳,2026-09,7745.08,3101040003
310104197804166969,胡超,2026-03,6850.01,1101010001
320508198005177059,刘红霞,2026-08,5864.16,1101010002
330106197812130604,徐英,2026-04,7708.59,1101010002
110101197108244015,吴红,2026-09,3834.43,4403050004
330106198207130731,何磊玉,2026-09,3847.07,1101010002
440305199701289574,吴兰超,2026-08,6415.62,3101040003
310104197304267667,赵勇,2026-02,6265.70,1101010002
330106198711271728,李洋,2026-08,2026.88,1101010001
11010119921111607X,朱秀,2026-07,2582.51,1101010001
310104198508107045,郑兰,2026-07,7094.72,1101010001
330106200107096476,胡伟敏,2027-06,4658.36,3301060005
310104196110195867,郭霞娜,2026-03,3763.66,4403050004
440305199603043335,张艳,2026-01,3847.27,3301060005
320508199102178576,罗刚,2026-04,8708.29,1101010001
310104199812060055,林桂敏,2026-03,5388.19,1101010002
110101199505287712,李红,2026-09,3037.91,3301060005
310104198711012543,吴萍,2026-09,8189.27,3101040003
320508198803195024,徐超涛,2026-02,6132.24,1101010001
310104196204053069,赵超,2026-04,5530.16,3101040003
310104199907035637,周勇玉,2026-07,4376.58,3101040003
33010619690907072X,周平,2026-09,5642.03,4403050004
310104198007130263,郑娜,2026-02,5017.50,3301060005
330106196406210911,孙刚静,2026-04,2826.00,1101010001
330106197407048017,刘涛,2026-05,5505.03,4403050004
110101199306235856,吴秀玉,2026-03,3202.97,4403050004
310104198212229916,林娟敏,2026-01,6336.60,1101010002
310104196907197536,周玉,2026-06,6513.77,1101010002
320508198612151870,胡桂涛,2026-05,8597.24,3301060005
310104197911280898,吴刚英,2026-02,1151.89,1101010002
110101197010020865,吴桂伟,2026-07,6254.78,1101010002
330106199109226937,林艳,2026-04,8242.53,1101010001
330106199412122508,何秀,2026-03,6233.44,3301060005
310104197102128597,陈萍艳,2026-07,1949.11,1101010001
440305197509287844,刘军军,2026-04,518.99,3301060005
330106197305215275,李华英,2026-01,3523.82,9999999999
330106198105121092,王华丽,2026-06,575.34,4403050004
330106197202175266,陈敏娟,2026-03,7040.30,3101040003
310104199007123068,孙华明,2026-05,1423.91,4403050004
330106197003127659,朱勇,2026-04,1440.66,3101040003
110101196807147615,徐静,2026-04,8561.19,3101040003
110101198608185079,陈刚刚,2026-07,4765.80,4403050004
310104196702260212,陈洋,2026-01,7022.77,1101010002
110101198107207559,王娟磊,2026-02,6967.65,1101010002
320508196912171911,黄刚华,2026-04,-100.00,4403050004
310104199012268296,刘丽,2026-03,2449.77,1101010002
330106196205079515,陈伟丽,2026-01,3733.00,3301060005
440305200004083445,朱芳艳,2026-01,3086.46,3101040003
440305197706234282,黄玉丽,2026-01,943.11,3101040003
310104197808099302,郑杰,2026-05,8560.79,9999999999
440305197902046852,王洋,2026-06,6814.92,3301060005
320508199806086653,周超,2026-02,8041.15,1101010002
320508196701199914,赵霞,2026-02,1136.48,3301060005
320508198105244853,赵芳,2026-04,4054.81,3101040003
320508198206156449,,2026-09,7222.52,1101010002
320508197712052963,李桂,2026-04,6796.08,4403050004
330106199409031699,胡明勇,2026-05,2258.86,1101010001
310104199604197137,王涛平,2026-05,3078.99,1101010002
440305197709041750,黄涛,2026-05,832.27,9999999999
440305196805288097,李红,2026-04,5044.06,1101010001
440305200010123327,张平艳,2026-05,3259.40,1101010001
110101198204249881,周磊,2026-01,5067.80,3301060005
110101198411098908,郑桂,2026-04,3256.24,1101010002
320508200007054562,黄勇玉,2026-02,4715.67,4403050004
310104197104195021,杨伟静,2026-03,7448.74,3301060005
310104196403034362,黄玉红,2026/08,6656.61,1101010002
110101199802133939,王英,2026-01,1623.52,1101010001
440305196911200132,王明,2026-06,7748.12,1101010001
310104196808255761,胡军,2026-08,1813.36,1101010001
320508197711181261,王娜,2026-05,1371.81,9999999999
310104196004012326,朱静兰,2026-04,8334.37,4403050004
11010119910304229,刘勇秀,2026-02,3564.19,1101010001
110101199803064381,何超霞,2026-03,abc,3101040003
320508197806042774,郭萍桂,2026-02,7205.28,1101010002
310104198003134574,郭敏,2026-07,8656.48,3101040003
31010419650605186X,马军艳,2026-07,5614.82,3101040003
310104200104134282,林明娟,2026-09,7481.94,4403050004
110101199712145397,罗霞,2026-04,3574.53,1101010002
110101198309169802,陈芳,2026-06,3567.30,1101010002
44030519890327873X,林强英,2026-01,6849.46,1101010001
310104198412017125,朱芳娜,2026-02,4553.03,3301060005
310104196103121448,张娜,2026-07,1772.60,1101010002
33010619681217715X,吴艳洋,2026-01,2937.54,1101010002
110101200101207697,杨伟,2026-07,6279.18,4403050004
320508197610173131,黄萍磊,2026-02,4932.76,1101010002
310104198510022243,马英,2026-09,5643.21,1101010001
330106199006216576,马静桂,2026-07,2155.21,1101010001
110101196406207971,徐强,2026-03,5103.33,1101010001
310104199801259317,吴明,2026-01,2542.85,1101010001
320508199601198096,郭芳,2026-02,8519.83,1101010001
440305197807171997,徐平红,2026-02,3316.20,3301060005
11010119920301601X,马超英,2026-05,1870.40,4403050004
110101200002232379,赵刚,2026-03,8944.04,3301060005
320508199811179520,徐刚洋,2026-06,5799.50,4403050004
11010119840407625X,郑萍,2026-08,1327.95,1101010001
310104197909289922,张娜军,2026-05,1872.52,3101040003
320508198306030720,杨磊娟,2026-05,6986.74,4403050004
310104196710160406,孙艳英,2026-03,4247.04,3301060005
320508198006036987,朱磊华,2026-01,5775.22,1101010001
310104199501058732,刘勇明,2026-02,2395.94,4403050004
110101198208156578,林敏丽,2026-02,8298.41,4403050004
330106197207110664,徐红娟,2026-08,1471.77,4403050004
11010119940316149X,赵明红,2026-07,1030.40,3101040003
330106199004022161,王磊秀,2026-02,1704.77,3101040003
330106196505287295,胡涛兰,2026-05,2064.67,1101010001
110101198706253047,杨洋,2026-07,4593.81,3301060005
310104198706235849,马明,2026-04,abc,3301060005
320508196906228432,徐静,2026-08,8437.46,4403050004
440305196711142695,何红,2026-03,5891.49,3301060005
110101196204241928,朱超,2026-04,3458.73,1101010002
320508196006273721,王玉涛,2026-02,6444.20,9999999999
330106198606128487,林涛刚,2026-02,8373.97,4403050004
33010619830318609X,杨勇英,2026-07,5889.91,3301060005
110101196502036658,王娜平,2026-09,1347.47,4403050004
320508199701222962,朱强,2026-08,5188.50,1101010001
310104199002129903,胡玉兰,2026-07,564.64,3101040003
310104199205099003,周英桂,2026-07,6223.06,1101010001
330106196201011572,孙洋萍,2026-07,2555.56,4403050004
310104199911138487,李敏秀,2026-03,3926.51,3101040003
320508197007081013,陈秀,2026-07,7665.76,3101040003
320508197006070953,张杰,2026-03,736.46,3301060005
110101199607017609,陈秀刚,2026-03,2537.64,1101010002
44030519720927251X,马兰磊,2026-03,5833.22,3301060005
11010119670820125X,刘磊,2026-03,1288.61,4403050004
